timestamp,segment_id,length_km,speed_kph,temp_c,rain_mm,is_event,is_holiday,is_weekend,occupancy,flow,incidents,dayofweek,hour
2023-01-01 00:00:00,101,4.628045112732387,49.19126399999216,25.764888842526915,2,0,0,1,0.20538858144102573,454.48228451401525,0,6,0
2023-01-01 00:15:00,103,3.4752305689060266,46.7651131495522,26.821039392473292,0,0,0,1,0.7228521575010631,444.47347822615507,0,6,0
2023-01-01 00:30:00,101,1.672673463496587,46.000378560078566,27.95786925885307,0,0,0,1,0.3098351876849463,56.17775979204933,0,6,0
2023-01-01 00:45:00,102,2.8818977731265183,40.20322691549289,13.130570526154306,0,0,0,1,0.48404427028134456,409.53426407512325,0,6,0
2023-01-01 01:00:00,103,3.0393943621391544,54.251935651481425,36.56283298170923,0,0,0,1,0.780528032121216,394.1931374979446,0,6,1
2023-01-01 01:15:00,103,3.6265046081065915,49.59666226774359,16.942782549066845,2,0,0,1,0.4519746917099591,435.4948226238931,0,6,1
2023-01-01 01:30:00,101,2.9236155617109767,54.80081407227986,28.563222567105957,2,0,0,1,0.4147632576579689,453.3701890626626,0,6,1
2023-01-01 01:45:00,101,3.7547698715546654,31.883731276251343,20.882250174449172,0,0,1,1,0.29112299465331387,79.73980443101853,0,6,1
2023-01-01 02:00:00,103,4.718316167591414,43.9708284958918,21.011354243862435,0,0,0,1,0.4383794222773536,345.9064547782587,0,6,2
2023-01-01 02:15:00,103,1.9445778644562632,49.20796529487664,24.667574644380373,0,0,0,1,0.6642892683327124,74.33030319713572,0,6,2
2023-01-01 02:30:00,101,1.7083894322699167,39.816887298173384,27.94618649802839,0,0,0,1,0.675992888505863,156.90869435601198,1,6,2
2023-01-01 02:45:00,103,2.323563746707813,55.28566495081983,25.346060547023786,0,0,0,1,0.31095101578323264,308.67207354422715,0,6,2
2023-01-01 03:00:00,102,1.6846788215066382,44.154096044740854,27.628297247939116,5,0,0,1,0.8471929631134445,98.0440404064914,0,6,3
2023-01-01 03:15:00,103,3.772550466747058,49.697806989518526,24.201657137512495,0,0,0,1,0.2835032363650218,284.8699563626353,0,6,3
2023-01-01 03:30:00,102,2.252064154354927,45.52593869292026,25.507531445221503,0,0,0,1,0.3060844323586788,182.5930315299941,0,6,3
2023-01-01 03:45:00,103,2.8753198933439257,53.63581953733289,28.571636896929753,0,1,0,1,0.2173877413126273,57.80011488505216,0,6,3
2023-01-01 04:00:00,101,3.9554033200624845,52.355949595598865,28.298590511169223,5,0,0,1,0.4809592882661981,319.1587518901015,0,6,4
2023-01-01 04:15:00,103,2.61674787593945,48.32319462966307,24.62875466841663,5,1,0,1,0.5627672952384015,209.54927672505426,0,6,4
2023-01-01 04:30:00,103,3.744021349359939,53.212953570611226,26.24201690232293,2,0,1,1,0.4821479325965988,184.46248165332233,0,6,4
2023-01-01 04:45:00,101,4.847357241567386,62.61181426599639,21.899196878291537,0,0,0,1,0.4152813155263733,394.8156458174208,0,6,4
2023-01-01 05:00:00,103,2.590400861195283,33.77252487198676,18.960900732156002,0,0,0,1,0.7468033810670034,441.23052451683964,0,6,5
2023-01-01 05:15:00,101,2.3209432476114826,73.819540068415,29.311413000648404,5,0,0,1,0.36794571670353926,372.2720353278741,0,6,5
2023-01-01 05:30:00,103,4.577860722110365,56.085027999304494,33.283000157781416,0,0,0,1,0.5170948443255972,379.23776219872343,0,6,5
2023-01-01 05:45:00,101,4.761753188252272,61.75603766982888,18.949501061213894,0,0,0,1,0.8695137051717665,158.52345818030716,0,6,5
2023-01-01 06:00:00,101,1.7123361110277497,56.34342093751243,26.84143267837611,0,1,0,1,0.7270192218290088,350.07239944499696,0,6,6
2023-01-01 06:15:00,101,1.1234617559715945,52.00657311824562,26.307736301666207,2,0,0,1,0.8057282135501969,269.7100723305157,0,6,6
2023-01-01 06:30:00,103,4.548811555239951,47.88397983319578,17.068736400925683,2,0,0,1,0.6404793379162241,301.306786970536,0,6,6
2023-01-01 06:45:00,103,2.5918790521573305,59.84573025482882,27.694903487324524,0,1,0,1,0.8507893186104494,487.86131018961294,0,6,6
2023-01-01 07:00:00,101,2.300408700153534,38.99848341047586,23.59438329070857,0,1,0,1,0.35966991054622055,158.67133034610004,0,6,7
2023-01-01 07:15:00,103,1.2601435360723197,60.528027219986946,24.800859176636298,0,0,0,1,0.2762562782767662,78.86178290766009,0,6,7
2023-01-01 07:30:00,103,4.749404114534531,56.0679057888069,32.308005512976194,0,0,0,1,0.4892009661265205,419.8750934295625,0,6,7
2023-01-01 07:45:00,101,4.5648446516460055,42.10899657766411,27.473030743582616,0,0,0,1,0.5235874706546588,241.4542741026737,0,6,7
2023-01-01 08:00:00,103,4.490480089908823,39.99560476917312,11.620120863754192,0,0,0,1,0.4886904017014555,431.25008712603955,0,6,8
2023-01-01 08:15:00,103,1.927621524442594,60.887975027382595,24.62915079625885,5,0,0,1,0.649801903037097,398.896509104105,0,6,8
2023-01-01 08:30:00,102,4.280163580562338,44.334693284096346,32.83076213497684,0,0,0,1,0.8370677091434888,482.77557500914355,0,6,8
2023-01-01 08:45:00,102,3.6406247982904603,50.45040377328174,14.2931107568499,5,0,0,1,0.7409476668349144,162.2383582858924,0,6,8
2023-01-01 09:00:00,103,2.5299913820347357,49.99030096263825,18.89383199799945,2,0,0,1,0.4253238648675502,481.52522281516616,0,6,9
2023-01-01 09:15:00,103,2.0682497153702033,59.30155809368128,14.208859022018952,0,0,0,1,0.2703161564497982,359.42953066932927,0,6,9
2023-01-01 09:30:00,102,1.05880243226665,43.581924836329414,16.22452152271582,0,0,0,1,0.8435894330130211,107.48633697590549,0,6,9
2023-01-01 09:45:00,103,4.138613831791554,51.47927829385285,20.785184683842456,0,0,0,1,0.895704662836589,226.91108560454296,0,6,9
2023-01-01 10:00:00,102,2.6223257880721116,49.06029073932661,32.12317426795541,0,0,0,1,0.3702827948807531,85.12973229086512,0,6,10
2023-01-01 10:15:00,101,4.576706780888209,26.73308392552514,30.369282271430976,0,1,1,1,0.2753706950800088,474.44869372213975,0,6,10
2023-01-01 10:30:00,103,1.546667495747545,42.985655806299505,21.759856177839183,0,0,0,1,0.8053040068006652,119.27786579222892,0,6,10
2023-01-01 10:45:00,101,2.1672201152966513,65.05900115999202,23.440184174871305,2,0,0,1,0.8849088540775973,60.320817397754,0,6,10
2023-01-01 11:00:00,103,1.0175241071262926,65.14030379247333,29.33127457847698,0,0,0,1,0.391579261627612,257.6791999871654,0,6,11
2023-01-01 11:15:00,103,4.1306931999867995,50.582286203949586,27.825499593218833,5,0,0,1,0.5122031884375584,80.62925956761846,0,6,11
2023-01-01 11:30:00,103,4.994547943071535,54.967158583984286,19.313577558990836,5,0,0,1,0.8544261188641249,113.41356522440628,0,6,11
2023-01-01 11:45:00,103,4.72290890774936,60.79765363157229,35.18156919546921,5,0,1,1,0.34801499774517425,154.84127379948532,0,6,11
2023-01-01 12:00:00,103,3.424688627663998,59.20413891339105,12.60387309372028,5,0,0,1,0.2622827164917987,272.618227422951,1,6,12
2023-01-01 12:15:00,101,2.324330408643339,43.980926118392844,28.751639777328066,5,0,0,1,0.24524904900424815,126.90912141672193,0,6,12
2023-01-01 12:30:00,103,1.049328331898876,25.170211505289565,19.802457930310723,0,0,0,1,0.5421220741917396,174.80041867630547,0,6,12
2023-01-01 12:45:00,102,3.460173518142195,54.12761645619182,26.92956675404129,0,0,0,1,0.7762718960144268,393.5451644084427,0,6,12
2023-01-01 13:00:00,103,4.6630588100685895,46.272049619820926,29.13782516683916,0,0,0,1,0.3157079615165594,453.8368654032933,0,6,13
2023-01-01 13:15:00,102,2.813903815886812,35.53003667962709,20.924740635606987,0,0,0,1,0.2635382194320283,418.7472591460338,0,6,13
2023-01-01 13:30:00,101,1.737103529061172,46.30182229472106,30.89258934695959,0,0,0,1,0.8382864833431369,401.22976583440646,0,6,13
2023-01-01 13:45:00,102,3.996028432047338,36.43055061729025,25.715932309432514,0,0,0,1,0.6627479532891329,311.7381403871404,0,6,13
2023-01-01 14:00:00,101,3.159213862775488,53.85574981824027,33.434208072319436,0,0,0,1,0.898838039081747,113.12159637313502,0,6,14
2023-01-01 14:15:00,102,3.200522868862383,61.73514842787714,29.852014857725838,5,0,0,1,0.3747723353027608,97.64627103126392,0,6,14
2023-01-01 14:30:00,102,2.1884538405280156,62.62493105559868,19.95580400261131,5,1,0,1,0.2299025763850711,432.46328799311055,0,6,14
2023-01-01 14:45:00,102,4.890305606849825,57.57703034971951,26.543909191845845,0,0,0,1,0.7691406532299327,396.2599020944934,0,6,14
2023-01-01 15:00:00,101,1.2384884830345109,58.48070794441641,27.083315109807085,0,1,0,1,0.551252126505055,167.14220046546816,0,6,15
2023-01-01 15:15:00,103,1.8255085813937169,45.24388268913658,24.37233577984162,5,0,0,1,0.3290257823202424,418.3225050848547,0,6,15
2023-01-01 15:30:00,101,3.2515237329798654,30.60921685428068,29.240027306720755,5,0,0,1,0.25825854231493106,294.845129729359,0,6,15
2023-01-01 15:45:00,101,2.2133939921965626,48.73195591604951,27.231113693850325,5,0,0,1,0.5794819865981593,175.92285607853188,0,6,15
2023-01-01 16:00:00,102,2.2279437577468735,55.85136061571933,22.41407256952491,0,0,0,1,0.4184212032917774,142.52107391137358,0,6,16
2023-01-01 16:15:00,103,2.7676956518179265,43.65722322557186,19.272131125584785,0,0,0,1,0.6337627773418912,203.285197027143,0,6,16
2023-01-01 16:30:00,103,2.2828500872435997,48.59173074307369,27.474067634800257,2,0,0,1,0.30699628655465816,121.4753747974543,0,6,16
2023-01-01 16:45:00,102,2.861538018126613,47.654832096662766,23.40981114540292,0,0,0,1,0.7325674524930998,297.99340841541533,0,6,16
2023-01-01 17:00:00,101,3.261659149438882,38.84206588984953,21.25653843582597,0,0,0,1,0.3092357683988626,471.0365090851738,0,6,17
2023-01-01 17:15:00,103,1.773609884746198,64.08573703642301,26.07714658438991,2,0,0,1,0.2628770225836904,84.95535446760354,0,6,17
2023-01-01 17:30:00,102,1.4770668191339116,55.1851433670122,25.925792620622733,0,0,0,1,0.3943521555635885,100.47501912793493,0,6,17
2023-01-01 17:45:00,101,2.7469497109408363,68.94359887116728,21.355273819320015,0,0,0,1,0.602196353765687,93.90314887846844,0,6,17
2023-01-01 18:00:00,101,2.7536229856991503,44.48721387872066,28.539814812429864,0,0,0,1,0.8978846515056933,102.79333291088034,0,6,18
2023-01-01 18:15:00,101,1.7989073014367607,34.538117911359855,19.746930497130087,0,0,0,1,0.6661885850022459,325.815684185165,0,6,18
2023-01-01 18:30:00,101,3.588700063591882,36.03514937861116,25.682774722419367,5,0,0,1,0.4009734682455196,73.58458461663739,0,6,18
2023-01-01 18:45:00,103,2.1592299393341055,54.60569320646975,20.97375177204612,0,0,0,1,0.4372010302163902,160.46340575655182,0,6,18
2023-01-01 19:00:00,103,4.532477183668416,49.20118483641618,25.892695218495593,5,0,1,1,0.883006340500377,186.04678353913036,0,6,19
2023-01-01 19:15:00,101,2.734335204209127,29.306594037348148,28.57620428013531,5,1,0,1,0.7482530455595544,269.2099378384445,0,6,19
2023-01-01 19:30:00,101,1.1807154443056396,55.75595732183896,16.1262126456925,0,0,0,1,0.49224071668717584,212.3168348531878,0,6,19
2023-01-01 19:45:00,102,4.5847921390708954,24.20632408059896,26.383555755467622,5,0,0,1,0.5402203325002202,99.96397139430947,0,6,19
2023-01-01 20:00:00,102,3.762055203337486,49.3786885685573,17.32201181571297,0,0,0,1,0.30551198658856177,77.32143226698548,0,6,20
2023-01-01 20:15:00,101,1.4314544229246953,45.37329100689597,31.054239454006435,0,0,0,1,0.37520931857864864,270.4124035360419,0,6,20
2023-01-01 20:30:00,103,3.5233907780375406,60.278124242797766,27.964771447148067,0,0,0,1,0.6641906557890616,293.03223990232533,0,6,20
2023-01-01 20:45:00,102,1.9666508995876577,49.244351969238586,33.8506110387231,2,0,0,1,0.21421585925840292,482.8936628196106,0,6,20
2023-01-01 21:00:00,103,2.9922581618926194,43.54036365966315,21.407862857599234,5,0,1,1,0.3042668374503376,61.445518021732646,0,6,21
2023-01-01 21:15:00,101,4.65583450851755,44.163146256582905,33.18048535097149,0,0,0,1,0.6722550780816061,58.773639039299894,0,6,21
2023-01-01 21:30:00,103,2.511363225630491,49.9479500008817,21.429932082603017,0,1,0,1,0.25668309006545653,366.21146188417435,0,6,21
2023-01-01 21:45:00,102,2.5579001881726904,39.06437524215295,22.320342617031063,2,0,0,1,0.28109160875023986,80.91548572838386,0,6,21
2023-01-01 22:00:00,102,3.909346786828001,34.56643752545204,23.959656533320285,0,0,0,1,0.3303825133760424,189.03590796273264,0,6,22
2023-01-01 22:15:00,103,1.017783291119259,41.45190292173588,24.571849049888048,0,0,0,1,0.44722126510001636,423.3238849372848,0,6,22
2023-01-01 22:30:00,102,4.882953881732636,63.87130158613605,18.922711006803574,0,0,0,1,0.2834289224023038,456.39518756877965,0,6,22
2023-01-01 22:45:00,101,1.3587100431595083,45.982175851329025,20.58902444272726,2,0,0,1,0.5652889233228081,134.66960671316454,0,6,22
2023-01-01 23:00:00,103,1.7650012382744276,24.564728750175387,30.31429364869588,0,0,0,1,0.353095704766006,377.4518843897384,0,6,23
2023-01-01 23:15:00,101,4.902390279632457,55.85518784731855,18.681760211662265,0,0,0,1,0.7216077516288237,433.00214423625215,0,6,23
2023-01-01 23:30:00,103,4.918459819183793,54.663605488379815,21.453551839548684,0,0,0,1,0.5926665702284264,144.64074599950544,0,6,23
2023-01-01 23:45:00,102,1.536283769529025,45.279284303129,21.12721517496447,5,0,0,1,0.39877004620020023,407.6207545612819,0,6,23
2023-01-02 00:00:00,101,4.911474461237734,49.94908016640391,29.803312683168365,2,0,0,0,0.5422776719893869,282.67880160035384,0,0,0
2023-01-02 00:15:00,102,2.3596347777340823,42.160439188652994,33.629655320031624,2,0,0,0,0.5182275800926328,127.39486482895173,0,0,0
2023-01-02 00:30:00,103,1.0148471274754898,50.827862618760385,24.023079352817394,5,0,0,0,0.6653523463819242,127.46706179387982,0,0,0
2023-01-02 00:45:00,103,3.7071456779190757,39.289422233499,24.79498214605791,0,0,0,0,0.3467578596699168,131.5830676412317,0,0,0
2023-01-02 01:00:00,101,4.116883378739601,46.90312971533189,17.561946243528627,0,0,0,0,0.24745317609291764,182.69461940516086,0,0,1
2023-01-02 01:15:00,102,2.6843102021547436,57.28142074744818,29.668003665348188,5,0,0,0,0.29327746800445637,485.2528652143082,0,0,1
2023-01-02 01:30:00,102,4.7344017184906715,57.25156609468041,25.33199086356065,5,0,0,0,0.7982642865939451,229.30457863125307,0,0,1
2023-01-02 01:45:00,102,3.1976802608628296,34.569703951400584,33.361167654036144,5,0,0,0,0.715058402378113,424.2742751818167,0,0,1
2023-01-02 02:00:00,101,2.2596900457538385,54.57685123098607,26.787145208869507,0,0,0,0,0.22869446729688556,104.7772720364689,0,0,2
2023-01-02 02:15:00,103,4.163860975006037,52.61031322688919,19.65193455023381,2,0,0,0,0.2824140466102611,377.2668132090991,0,0,2
2023-01-02 02:30:00,101,3.872639662123712,35.08584436436186,16.501490119318653,0,0,0,0,0.6487997214218053,399.86119803180685,0,0,2
2023-01-02 02:45:00,101,1.9644096359091092,57.126045919143806,19.362004438625426,2,0,0,0,0.5717656130015992,215.27892333582693,0,0,2
2023-01-02 03:00:00,101,4.426454516274592,60.73051310051198,27.933083539117543,2,0,0,0,0.24996898776499482,284.32453806589507,0,0,3
2023-01-02 03:15:00,101,3.590391925056016,67.49251650924563,25.480125172670153,5,0,0,0,0.3982735625507476,87.09151347741107,0,0,3
2023-01-02 03:30:00,103,1.8155535964551444,55.003217996371276,28.01611467055851,5,1,0,0,0.7913064715108489,333.70935696749314,0,0,3
2023-01-02 03:45:00,103,2.0024226113383037,57.250799729815746,22.988671556582677,2,0,0,0,0.3972560625617494,346.68471803708286,0,0,3
2023-01-02 04:00:00,101,1.35803104989582,55.629245308751536,29.54411446497789,2,0,0,0,0.5719968131286617,234.30519288399745,0,0,4
2023-01-02 04:15:00,102,3.2854123314148596,42.367998562189946,26.503465793773085,5,0,0,0,0.4443274467203193,210.84544781129657,0,0,4
2023-01-02 04:30:00,101,4.298047730650902,54.83111416106869,29.40270780998442,0,0,0,0,0.22175702617320753,451.8253581799159,0,0,4
2023-01-02 04:45:00,101,1.0227352532270721,35.11375970127971,20.918432493232412,5,0,0,0,0.38332582374782265,312.7000922028314,0,0,4
2023-01-02 05:00:00,102,2.723319265366305,44.90792940418703,27.128309659885975,0,0,0,0,0.8968000213989404,289.2900948163775,0,0,5
2023-01-02 05:15:00,103,1.9020415929116603,38.090215559127415,26.646272657907502,2,0,0,0,0.763360710832921,366.9018748613837,0,0,5
2023-01-02 05:30:00,101,4.378788530199607,56.30038948633046,31.23618815049177,0,1,0,0,0.3778402573438777,260.3983615536172,0,0,5
2023-01-02 05:45:00,103,4.102164204874513,41.23993183203814,26.58998631041921,2,0,0,0,0.5939428457951015,309.23559379312553,0,0,5
2023-01-02 06:00:00,103,4.127476678972585,71.4959376402716,31.02351745484078,0,1,0,0,0.663185841060542,443.16461439386336,0,0,6
2023-01-02 06:15:00,103,4.607600695782825,44.61492827065219,28.206853364819462,2,0,0,0,0.2789590252431186,271.0604534381259,0,0,6
2023-01-02 06:30:00,103,2.0240495830673,62.67696377264713,20.372417635911184,5,0,0,0,0.29794977727664435,414.38133683972245,0,0,6
2023-01-02 06:45:00,103,3.5452932038434257,56.234166890066135,23.141266894673414,0,0,1,0,0.8032346864223909,183.35440979337974,0,0,6
2023-01-02 07:00:00,102,2.8423500337125738,66.73222707133502,22.95586777546872,2,0,0,0,0.3948762325260047,256.60710964187035,0,0,7
2023-01-02 07:15:00,103,1.1885626369608948,50.07061299091269,27.609436045395654,5,0,0,0,0.46912252033782476,185.7898058777241,0,0,7
2023-01-02 07:30:00,101,1.1103725394841768,52.0515793501384,32.56887502747829,2,0,0,0,0.3027793797294164,158.6872318828244,0,0,7
2023-01-02 07:45:00,102,4.489207189813361,55.47082323620083,28.821667586083546,0,0,0,0,0.727538897101434,328.4470073455603,0,0,7
2023-01-02 08:00:00,101,1.4169641636143964,48.00324790840532,29.969225776362922,5,0,0,0,0.8941789691145667,458.1294876600193,0,0,8
2023-01-02 08:15:00,101,4.163354688796538,41.189294604606815,25.294047952881165,0,0,0,0,0.8103600117805501,204.1350419135025,0,0,8
2023-01-02 08:30:00,102,2.2773660398450484,58.85194576293418,38.012009870010104,2,0,0,0,0.7891931897738429,214.79569213080515,0,0,8
2023-01-02 08:45:00,101,1.54515076997924,40.59953061316183,29.103952979021074,0,0,0,0,0.890833745850923,358.85965640348,0,0,8
2023-01-02 09:00:00,103,1.8976061309494408,59.221335113760745,24.198792460634394,5,0,0,0,0.6618368909681704,143.46105621956735,0,0,9
2023-01-02 09:15:00,101,3.6702584067952033,46.65991921955828,30.084082958244167,2,0,0,0,0.5684492436074784,290.39000956637165,0,0,9
2023-01-02 09:30:00,103,3.150816928896296,45.194588058107925,25.45859969463801,0,0,0,0,0.5981698505347306,253.96727081769507,0,0,9
2023-01-02 09:45:00,101,1.0253582934734085,39.5496026658623,31.633387298671305,5,0,1,0,0.5444743853413632,487.3446321473833,0,0,9
2023-01-02 10:00:00,103,2.857867987255178,55.96741556346899,25.52207388821721,0,0,0,0,0.6429282287336544,52.51243600423998,0,0,10
2023-01-02 10:15:00,101,3.237021710094381,49.96950180747124,21.076059259368517,2,0,0,0,0.3434675541403408,248.14013300986267,0,0,10
2023-01-02 10:30:00,101,2.710970038580456,60.798391913146716,21.22371926560001,5,0,0,0,0.4519243153310636,435.84178063584216,0,0,10
2023-01-02 10:45:00,103,3.4510081422173022,65.98994305965896,30.800832127134125,0,0,0,0,0.41579249828921117,470.5061251337845,0,0,10
2023-01-02 11:00:00,103,2.6369898632005713,45.687451543325196,18.334088049972156,0,0,0,0,0.649425846115846,365.52177821214644,0,0,11
2023-01-02 11:15:00,101,4.282818177471858,35.72349556731356,37.667232894197156,0,1,0,0,0.28648942127889543,177.51743857653295,0,0,11
2023-01-02 11:30:00,102,3.696816025660128,61.03382098093656,33.43226628334436,5,1,0,0,0.5404307175335163,120.56371309968524,0,0,11
2023-01-02 11:45:00,101,1.181194763435363,40.576620311265486,17.07805372788962,0,0,0,0,0.7163713113007999,223.29958252371995,0,0,11
2023-01-02 12:00:00,101,2.7070835686228314,44.37822569973988,34.166538963799546,5,0,0,0,0.21389411964156133,409.73543968132344,0,0,12
2023-01-02 12:15:00,103,3.5094433256684594,75.18333501526712,23.05972923769715,5,0,0,0,0.7467326209561611,182.34058594513104,0,0,12
2023-01-02 12:30:00,102,2.930552369953059,62.50845308199123,24.920705130473095,5,0,0,0,0.7309913282373035,358.6410405726197,1,0,12
2023-01-02 12:45:00,101,4.780663376804602,63.775886350340976,16.469643608543763,0,0,0,0,0.695017495066736,92.70292934943808,0,0,12
2023-01-02 13:00:00,102,4.444203072909572,40.09754747205412,25.915377638358738,0,0,0,0,0.46217843990945734,217.71542377625744,0,0,13
2023-01-02 13:15:00,102,1.2390627488862247,33.55146060047754,32.346337373575096,5,0,0,0,0.7816321923773608,368.39618925872577,0,0,13
2023-01-02 13:30:00,101,3.866544953520668,43.257254384678426,25.161226575830312,0,0,0,0,0.7495983606143781,52.71471486377392,0,0,13
2023-01-02 13:45:00,101,4.226085863899973,54.755174343482274,25.83890883848921,0,0,0,0,0.8183808128857895,493.6899311292295,0,0,13
2023-01-02 14:00:00,103,2.580538059801465,36.464604257792736,28.048124950138376,0,0,0,0,0.8221430813890376,159.01355935736797,0,0,14
2023-01-02 14:15:00,102,2.753812158758459,46.56305570695256,22.880267618076054,0,0,0,0,0.709990483410788,403.35035557421156,0,0,14
2023-01-02 14:30:00,101,3.893169877954819,47.253037495132375,30.663876330309737,0,0,0,0,0.27897769915287174,189.92349597344108,0,0,14
2023-01-02 14:45:00,101,2.786789549174871,41.703458012461944,20.568828822785,0,1,0,0,0.8820175323664827,312.5900994114297,0,0,14
2023-01-02 15:00:00,103,2.494888315548737,36.962760240183776,31.645468798123936,2,1,0,0,0.5180773848435298,201.4665752925288,1,0,15
2023-01-02 15:15:00,103,3.575420615297906,52.5280891693385,27.15625636062288,0,0,0,0,0.34424714560129105,389.1645958448128,0,0,15
2023-01-02 15:30:00,102,1.4566435043759935,57.62211174696838,29.0123303212134,0,0,0,0,0.6614937066436235,414.78286787494204,0,0,15
2023-01-02 15:45:00,102,2.2831211634498985,46.06255945979721,20.778239082946,0,0,0,0,0.30681466667729945,252.90973497034264,0,0,15
2023-01-02 16:00:00,102,2.681042446918489,53.705300729106185,24.08399062241262,0,0,0,0,0.5777973337590219,362.5995631965878,0,0,16
2023-01-02 16:15:00,103,4.379723537947649,43.388308733908275,31.364545676844912,2,0,0,0,0.36625452330229513,405.4310210040648,0,0,16
2023-01-02 16:30:00,103,2.623037988526378,48.724363943000604,34.33111263052217,0,0,0,0,0.3061721357969608,477.63499849085633,0,0,16
2023-01-02 16:45:00,103,4.636655599584494,66.78407300705516,35.79543008482395,0,0,0,0,0.5990262082227646,402.0408028248256,1,0,16
2023-01-02 17:00:00,101,3.610507982004907,58.246372892010164,25.808132465639773,0,0,0,0,0.44710236455586927,444.1468627973377,0,0,17
2023-01-02 17:15:00,101,3.410155760120595,51.91870187749753,28.589095064886568,0,0,0,0,0.7901234987138845,215.5444372716352,0,0,17
2023-01-02 17:30:00,102,3.4911725124598125,38.20055791538484,24.955820319511087,5,0,0,0,0.5915011190414797,491.9273664082495,0,0,17
2023-01-02 17:45:00,102,1.3863288634072402,45.7141433705954,15.456983036596304,0,0,0,0,0.6588280031966107,484.333263288744,0,0,17
2023-01-02 18:00:00,102,4.641919619587027,68.09781380378467,20.30882721363043,0,0,0,0,0.6505893340700689,236.48054913137952,0,0,18
2023-01-02 18:15:00,103,1.7947289272393068,68.9977731125854,23.081089441697703,0,0,0,0,0.7473325346417987,368.8706529490673,0,0,18
2023-01-02 18:30:00,101,1.6575808623300325,63.559273640002175,33.26407969595279,0,0,0,0,0.5553952385706273,279.2899898693735,0,0,18
2023-01-02 18:45:00,103,4.841427044630721,44.66515142353006,26.25353736716088,5,0,0,0,0.5269037283301368,308.0462372338879,0,0,18
2023-01-02 19:00:00,102,2.297601212100061,56.54574973056617,28.418841836351724,5,0,0,0,0.8501642113149381,249.62055923385236,0,0,19
2023-01-02 19:15:00,102,2.2538701030027366,40.31648530854072,32.43098684081409,2,1,0,0,0.3737085358421776,172.67870664758095,0,0,19
2023-01-02 19:30:00,102,4.091324202663541,38.734853548119204,25.81685576151112,0,0,0,0,0.566438233183451,457.29087774274905,0,0,19
2023-01-02 19:45:00,101,3.4374545123831335,41.12545674665361,27.97210062760962,0,0,0,0,0.5414656185585351,86.17817371058041,0,0,19
2023-01-02 20:00:00,102,3.2921493121460226,43.95104193064773,8.989377720229395,0,0,0,0,0.25680300199713735,471.255436626292,0,0,20
2023-01-02 20:15:00,101,4.32294091513443,52.265997331369,17.63062794464792,2,0,0,0,0.34501691713230137,486.8333300498534,0,0,20
2023-01-02 20:30:00,101,1.7770231775933705,69.55382778779794,36.189265911790805,2,1,0,0,0.731305899984146,274.75400499372324,0,0,20
2023-01-02 20:45:00,102,1.0489105546767927,69.30153490348579,19.868075449282205,2,0,0,0,0.4956532585682054,240.7429513749553,0,0,20
2023-01-02 21:00:00,102,1.7641415242411997,38.97981766060435,22.413021562292524,2,0,0,0,0.43265685218817024,336.96145307273224,0,0,21
2023-01-02 21:15:00,102,2.1948327787769144,51.807794558610425,18.047859801600506,5,0,0,0,0.4119489426375219,368.321637236865,0,0,21
2023-01-02 21:30:00,103,2.079288604450707,59.874285909101665,15.80704926626492,5,0,1,0,0.5455025935026439,218.82229321522232,0,0,21
2023-01-02 21:45:00,101,4.421482825647262,39.417669781048765,20.518854552256798,0,0,0,0,0.32929279442513315,437.47271259499496,0,0,21
2023-01-02 22:00:00,101,2.3639979719725988,65.47059880556951,19.196234613746242,0,1,0,0,0.6300224459361033,175.1767252474684,0,0,22
2023-01-02 22:15:00,102,2.6661982174308214,50.89437653481285,28.910755712222187,0,0,0,0,0.8943608060965649,182.59837195813736,1,0,22
2023-01-02 22:30:00,101,3.7466815723866493,49.174759793907285,21.961586781608386,0,0,0,0,0.25442703885683415,137.54229970651113,1,0,22
2023-01-02 22:45:00,103,3.3470767828112074,31.3413544177764,27.635775671987467,5,0,0,0,0.7547567474748382,146.0602364209705,0,0,22
2023-01-02 23:00:00,101,2.6604277802724785,48.19764295452287,25.340861527672025,5,1,1,0,0.6836453833550447,332.7691820287262,0,0,23
2023-01-02 23:15:00,102,1.447248481073609,50.893648870108535,25.238650052509136,0,1,0,0,0.2722889627365725,349.5019768219318,0,0,23
2023-01-02 23:30:00,103,1.3961721204448776,70.91062887043786,29.408515855018074,0,0,0,0,0.6904719388968148,442.93084104042805,0,0,23
2023-01-02 23:45:00,101,4.927405410676366,50.86761915715334,31.506595860313386,0,0,1,0,0.22645516598720689,460.48861282870274,0,0,23
2023-01-03 00:00:00,101,4.454463296517494,23.4481209195142,21.899245476826735,0,0,0,0,0.33047358547656813,248.4838409585432,0,1,0
2023-01-03 00:15:00,103,2.7546683873791658,70.71942845497622,19.56364225903677,0,0,0,0,0.7351463485100835,344.854641791723,0,1,0
2023-01-03 00:30:00,101,2.773823860947505,53.48173048901863,30.070701417575737,0,0,0,0,0.22568481898062925,496.2912564682207,0,1,0
2023-01-03 00:45:00,103,1.5141834165581174,44.97769899748054,30.044787461888138,0,0,0,0,0.48736725116457447,305.8913751396219,0,1,0
2023-01-03 01:00:00,102,2.7405042527359207,50.653596103866654,27.370174054939177,2,0,0,0,0.641996341556714,265.7145510018755,0,1,1
2023-01-03 01:15:00,103,4.740371761660373,57.3100134917583,29.67961348548409,0,0,0,0,0.4902960755774412,190.17698409439572,0,1,1
2023-01-03 01:30:00,102,2.4324271680696703,49.60255119946816,23.716253128596698,0,1,0,0,0.296286888479446,110.76087977280528,0,1,1
2023-01-03 01:45:00,103,2.4486094304299133,57.016219084310364,21.767774511980384,0,0,0,0,0.36684684259182365,403.27814911868404,1,1,1
2023-01-03 02:00:00,101,1.277543069637677,50.64918810856911,26.678516808989976,0,0,0,0,0.2094983798380374,75.09622451393683,0,1,2
2023-01-03 02:15:00,101,1.983727893997878,43.490959430858354,27.792092488203117,0,0,0,0,0.5268955503068855,102.96497014785466,0,1,2
2023-01-03 02:30:00,102,2.649266397430486,54.70854779278303,14.863100644046082,0,0,0,0,0.30067896295189034,296.7313603281675,0,1,2
2023-01-03 02:45:00,102,4.275288149036927,31.01996229220954,25.992442165936787,0,1,0,0,0.7174189957177106,255.35042157230743,0,1,2
2023-01-03 03:00:00,102,4.741526549280017,52.61268974234672,26.552003263001406,2,0,0,0,0.3488929108657002,97.13625491392332,0,1,3
2023-01-03 03:15:00,102,4.2954304587417305,62.961809175216445,20.563512325728965,2,0,0,0,0.45716775006207655,185.56792848886138,0,1,3
2023-01-03 03:30:00,101,1.9952286234472032,65.94709896020174,26.01530019686697,5,0,0,0,0.4541112877653547,366.0680302105754,0,1,3
2023-01-03 03:45:00,103,2.558166517481294,55.75284258132835,21.029635996243293,0,0,0,0,0.4608362922717847,329.6111228575557,0,1,3
2023-01-03 04:00:00,101,4.733144116122997,42.22962454167863,24.79154289208313,0,0,0,0,0.6171608413014906,400.2288093035788,0,1,4
2023-01-03 04:15:00,102,2.0338327872428614,48.49116727402671,21.749383899530983,5,0,0,0,0.28958564196817627,114.36801299213928,0,1,4
2023-01-03 04:30:00,102,1.0828053429596571,69.78532017771673,23.527290980237026,5,1,0,0,0.7886514915436864,188.29036644963037,0,1,4
2023-01-03 04:45:00,102,3.2462253160038874,37.08663821964453,32.1584224669366,5,0,0,0,0.5832618166850474,128.35688792123608,0,1,4
2023-01-03 05:00:00,103,4.2631438080734405,56.277233306159275,28.307862542158936,5,0,0,0,0.4667529795686495,54.570735876128296,0,1,5
2023-01-03 05:15:00,101,3.8331683801369882,63.720711636101264,23.286713733783643,0,0,1,0,0.42036706896355946,445.3526978902217,0,1,5
2023-01-03 05:30:00,103,2.174869438793327,43.673665439594906,22.24828719188315,2,0,0,0,0.5227571270433392,190.14687051843316,0,1,5
2023-01-03 05:45:00,103,2.3443058416680507,65.29326727041754,29.901110975143173,5,0,0,0,0.4639515295669174,140.77231304646608,0,1,5
2023-01-03 06:00:00,101,1.9878916422036919,51.8296393857134,28.560884350382242,0,0,0,0,0.6971932846012041,354.89019841064305,0,1,6
2023-01-03 06:15:00,101,4.184348474654822,44.47343185068426,20.80298458005947,0,0,0,0,0.607402928435666,400.9873716235691,0,1,6
2023-01-03 06:30:00,102,2.1354870033198297,46.32119618039659,28.6087111023783,0,0,1,0,0.44401145586454294,61.737984316950005,0,1,6
2023-01-03 06:45:00,103,1.8379086208354507,52.68140093777279,25.46501410920687,0,0,1,0,0.4022983822169205,105.90942342168708,0,1,6
2023-01-03 07:00:00,102,4.832632823898411,39.90082275047921,30.0886397507987,0,0,0,0,0.6309537453051313,156.34863523928004,0,1,7
2023-01-03 07:15:00,102,4.279575009426525,73.46872098997122,29.309405416572616,2,0,0,0,0.24446029420777832,254.3903317965729,0,1,7
2023-01-03 07:30:00,101,1.2588683149267745,61.14128179669041,27.39786408207906,2,0,0,0,0.5188481785517007,73.74889426228887,0,1,7
2023-01-03 07:45:00,101,4.395212885335873,39.50449966127544,15.969657305715575,5,0,0,0,0.39396125950706934,219.28314239350598,0,1,7
2023-01-03 08:00:00,101,1.5900150613937414,39.639644353545826,25.835836198992823,0,0,0,0,0.3734244889823398,211.13243599629,0,1,8
2023-01-03 08:15:00,101,3.1274750569097884,57.88390384554165,17.50791530560056,0,0,0,0,0.4891754724706205,265.6007638317354,0,1,8
2023-01-03 08:30:00,101,1.1764923751607648,70.88684014580065,23.967289047026384,0,0,0,0,0.706942848557383,164.47931630656922,0,1,8
2023-01-03 08:45:00,103,4.007420467146487,59.493482632965296,26.683225674710037,0,0,0,0,0.5677579798279444,297.8758404773755,0,1,8
2023-01-03 09:00:00,102,4.475804866495056,52.985654074919296,21.721099335188413,2,0,0,0,0.8280820573114918,326.4049495119635,0,1,9
2023-01-03 09:15:00,101,3.5764717916742925,52.005311392371574,26.783859996981466,0,0,0,0,0.6237360038354727,485.179759159233,0,1,9
2023-01-03 09:30:00,102,4.315468980123525,47.38787128371528,21.50902663459465,2,0,0,0,0.6518407634978403,95.95867792740074,1,1,9
2023-01-03 09:45:00,103,4.2446930386481885,57.85054139920164,18.67393211959186,0,0,0,0,0.36355828532631707,242.67216740955936,0,1,9
2023-01-03 10:00:00,101,4.866353574106878,37.404300939175165,25.234088831304827,0,0,0,0,0.5083744382376154,143.34442188303356,0,1,10
2023-01-03 10:15:00,103,4.75507441325883,53.988076468753235,31.248400925044322,5,0,0,0,0.8321426595546257,414.37496564986594,0,1,10
2023-01-03 10:30:00,101,3.563845108092777,47.764198056217296,26.256409714525603,5,0,0,0,0.8620228528050624,100.06734384980135,0,1,10
2023-01-03 10:45:00,102,1.2382328000329115,39.57204968935063,22.807762125329404,0,0,0,0,0.8684626923088898,121.17930755467626,0,1,10
2023-01-03 11:00:00,102,2.362486358752856,52.86299986049023,11.35585124891751,0,0,0,0,0.5625238674022393,115.06817452977745,0,1,11
2023-01-03 11:15:00,103,4.494840203410085,50.67091644241522,33.263046391964394,0,0,0,0,0.3290333818322619,79.0267620678843,0,1,11
2023-01-03 11:30:00,103,2.840604719953492,50.82109041905036,27.2370465998635,0,0,0,0,0.28473649211590335,208.1103724536718,0,1,11
2023-01-03 11:45:00,103,3.094516622534231,47.65645845002835,32.1346141221989,2,0,0,0,0.2371086478840728,199.62505933448264,0,1,11
2023-01-03 12:00:00,101,3.3307820275465714,58.3707615748906,27.104189224630918,2,0,0,0,0.34285625404300024,192.78452080715505,0,1,12
2023-01-03 12:15:00,101,2.537527988030945,40.84754815161902,28.35193917749878,0,0,0,0,0.2131712210097505,419.71401320037427,0,1,12
2023-01-03 12:30:00,101,3.6873148544392165,52.79707686434294,26.322602893110965,0,1,0,0,0.23508826622823054,222.72363097514477,0,1,12
2023-01-03 12:45:00,101,4.081936155753621,51.50416393582196,30.467487565314926,2,0,0,0,0.38727207983086875,137.1443878114302,0,1,12
2023-01-03 13:00:00,103,4.1334706395462195,58.483736658195916,18.806465700013554,5,0,0,0,0.28453564562533684,488.6150615361637,0,1,13
2023-01-03 13:15:00,103,4.078842586603028,54.84099770176037,28.961310523007565,0,0,0,0,0.5369227193690407,116.49215011193299,0,1,13
2023-01-03 13:30:00,103,1.8520740405814178,66.7207615007739,24.51801929309782,2,0,0,0,0.5922073040456666,334.15013968920516,0,1,13
2023-01-03 13:45:00,103,1.8342538344349149,56.43598425185034,32.96171382326718,5,0,0,0,0.5846848236497272,173.71476696154446,0,1,13
2023-01-03 14:00:00,101,4.689023938927287,36.22940796924664,28.14464050527867,0,0,0,0,0.2861085929149897,394.3391953309196,0,1,14
2023-01-03 14:15:00,102,1.849821701057389,49.62603750018286,17.37094176677407,0,0,0,0,0.3091982036488306,89.59206057265092,0,1,14
2023-01-03 14:30:00,101,4.417748505427021,40.30842463097596,31.776784481594444,0,0,0,0,0.5029830634250871,121.80514616278695,0,1,14
2023-01-03 14:45:00,101,2.3453678348909857,58.91270836774666,22.16502579652165,2,0,0,0,0.31350611228270814,259.7860091260693,0,1,14
2023-01-03 15:00:00,103,1.586860511403175,70.34481411796926,22.145540121588844,0,0,0,0,0.8923212693787979,99.64957328533487,0,1,15
2023-01-03 15:15:00,103,4.129085388681421,51.81634861422448,25.062041730373736,0,0,0,0,0.396455600934441,291.9053567213298,0,1,15
2023-01-03 15:30:00,102,3.478905294792452,38.86693289982303,17.237472117374182,2,0,0,0,0.2807015979733052,411.03856976393513,0,1,15
2023-01-03 15:45:00,102,3.025340387830677,67.9007012253883,20.379566696482726,5,0,0,0,0.8725019704433186,389.2290051414491,0,1,15
2023-01-03 16:00:00,103,3.5716478900509525,42.20221690070126,26.589052280181228,5,0,0,0,0.8981685298440214,310.705453688304,0,1,16
2023-01-03 16:15:00,101,2.648197970935444,55.36721969744928,26.663327247145407,0,1,0,0,0.6106590347222165,286.73682883746153,0,1,16
2023-01-03 16:30:00,103,4.464680305187315,60.01016162459402,27.171189672307793,0,0,0,0,0.7377290128171405,167.33907480918083,0,1,16
2023-01-03 16:45:00,102,1.8824480622080624,43.6461241079001,26.921564909994192,5,0,0,0,0.40202888951334514,92.75535356766966,0,1,16
2023-01-03 17:00:00,101,2.6877950808449835,36.70030643042896,15.651270354802547,0,1,0,0,0.6021714775306632,286.034726436275,0,1,17
2023-01-03 17:15:00,101,1.8648419554129063,49.99668431673717,26.31797431672085,5,0,0,0,0.8415451805040661,344.6065956667497,0,1,17
2023-01-03 17:30:00,101,4.113755537520415,43.39889975464472,24.01945922912098,0,0,0,0,0.24947412345319353,89.38922207953462,0,1,17
2023-01-03 17:45:00,102,4.85349214393791,45.61816500297201,25.256571908128926,0,0,0,0,0.8550886835207736,482.4528483104136,0,1,17
2023-01-03 18:00:00,103,1.6184737585019326,47.25259493020023,21.25131468407136,2,1,0,0,0.6575392151079515,126.19404226099977,0,1,18
2023-01-03 18:15:00,101,4.910954788577056,40.8378053098007,32.61218419067887,0,0,0,0,0.4108416506265378,121.11826917082605,0,1,18
2023-01-03 18:30:00,102,3.935934886696863,55.93218567928653,17.439367180939254,0,1,0,0,0.730008621843977,278.43462125123915,0,1,18
2023-01-03 18:45:00,103,4.257457274183469,40.611761194435545,27.475783226287426,0,0,0,0,0.5444274180089039,119.42723773682931,0,1,18
2023-01-03 19:00:00,103,3.67733261434359,66.96375843707983,28.950682972321406,0,0,0,0,0.7099309563447933,70.74378689575661,0,1,19
2023-01-03 19:15:00,102,4.797832881824419,49.53728627800338,28.842915605955675,0,0,1,0,0.5329231792307453,499.286710002302,0,1,19
2023-01-03 19:30:00,101,3.2072358495677062,49.07342270613197,29.309861733629543,2,0,0,0,0.470506641929111,143.83661908812175,0,1,19
2023-01-03 19:45:00,102,3.0513528471815596,37.022752397283725,22.139386581329834,2,0,0,0,0.7297973229535122,266.38975116789186,0,1,19
2023-01-03 20:00:00,101,1.1937875577573829,28.284890816109648,27.719506605179866,0,0,0,0,0.378523236279607,91.58603908111516,0,1,20
2023-01-03 20:15:00,101,2.1381038062667455,60.770411036064566,23.941808137957572,0,0,0,0,0.8948476351379062,439.0109136392759,0,1,20
2023-01-03 20:30:00,101,1.5466883932186102,48.927099329005465,25.90512159235569,0,1,0,0,0.23572865177442107,267.2116717694007,0,1,20
2023-01-03 20:45:00,101,1.4227831104097954,34.99014515792876,16.497575781296845,0,0,0,0,0.7248953363800728,78.21653888308416,0,1,20
2023-01-03 21:00:00,103,4.230505244279211,70.56104475497912,29.271721410998012,0,0,0,0,0.8181020456838957,259.88891968001155,0,1,21
2023-01-03 21:15:00,102,1.2593404281412828,51.72676261351825,12.733096839612923,5,0,0,0,0.30821574383487566,122.98109966323446,0,1,21
2023-01-03 21:30:00,103,3.413214926591992,43.898521314590425,13.957380402768019,0,0,0,0,0.46205975884765155,473.2407287742391,0,1,21
2023-01-03 21:45:00,102,2.967750674871003,59.26012853476126,25.648840190989826,0,0,0,0,0.2867571169127485,223.44802504778414,0,1,21
2023-01-03 22:00:00,101,4.2171000744551,51.61190153563663,26.44395437425459,0,0,0,0,0.7146238198267969,217.51717319757753,0,1,22
2023-01-03 22:15:00,102,1.483158589160829,62.59640151151068,23.08678388627057,0,0,0,0,0.4610614404439156,315.15558530030086,0,1,22
2023-01-03 22:30:00,102,4.7483194118208845,42.103620313592444,20.517851159594322,2,0,0,0,0.6870122822964909,196.1068327351744,0,1,22
2023-01-03 22:45:00,102,4.907549363178818,49.38759756930955,19.487171591062687,2,0,0,0,0.7604933670573713,117.73063129901078,0,1,22
2023-01-03 23:00:00,101,3.78507781167557,42.66579908460312,30.492264361194,2,0,0,0,0.3261321862404501,355.6415630827096,1,1,23
2023-01-03 23:15:00,103,1.360797586636421,64.13522838477593,26.19630817284359,0,0,1,0,0.8368040903282394,471.25028412538023,0,1,23
2023-01-03 23:30:00,102,3.8383981261694005,53.77645660914152,21.514578321484663,0,0,0,0,0.6789455116781338,430.8267243093695,0,1,23
2023-01-03 23:45:00,101,3.066452745923308,54.45550261142078,22.021008733152577,0,0,1,0,0.2546947746196363,424.01065354370627,0,1,23
2023-01-04 00:00:00,102,1.6316841673677214,58.716881277018985,19.100823455111815,2,0,0,0,0.22958541897655066,392.42174741531625,0,2,0
2023-01-04 00:15:00,102,4.2951130147284955,44.94049488748474,27.054581139180986,0,0,0,0,0.5623616052856402,311.6667149180104,0,2,0
2023-01-04 00:30:00,103,2.4938587411930024,49.43658369599562,16.196796958747857,0,0,0,0,0.6475408746330867,381.15075761488606,0,2,0
2023-01-04 00:45:00,103,4.018838475066242,50.21384197702343,20.634639121113924,0,0,0,0,0.825298238259397,258.287351712888,0,2,0
2023-01-04 01:00:00,102,2.4847418050168644,40.159262378904984,25.120473421064816,0,1,0,0,0.5409534838985649,242.09039575894974,0,2,1
2023-01-04 01:15:00,101,2.7561082942433233,57.700861012381516,16.511437483036577,0,1,0,0,0.6434214918516941,233.29165335861634,0,2,1
2023-01-04 01:30:00,101,2.5156441207779685,60.98689208423845,17.1276019683047,2,0,0,0,0.3400551805760272,374.60012460942517,0,2,1
2023-01-04 01:45:00,101,1.8342081122412566,48.94383817823115,14.81547003850016,5,0,0,0,0.5221121193265892,429.33139534324124,0,2,1
2023-01-04 02:00:00,101,4.468023933512555,38.3647898461417,22.23729893143744,2,0,0,0,0.599006915061003,495.2089806167096,0,2,2
2023-01-04 02:15:00,102,1.72670407098936,57.80803213894208,23.281312701518175,2,0,0,0,0.2521146521438171,488.9631251745086,0,2,2
2023-01-04 02:30:00,102,4.8895312327657665,62.74506119693772,32.975030358281074,0,0,0,0,0.3552852325883349,372.95210439614357,0,2,2
2023-01-04 02:45:00,101,4.112912256158214,31.649057790114103,25.955164647091735,0,0,0,0,0.5955971596975859,399.30777457928656,0,2,2
2023-01-04 03:00:00,101,2.1009447443493197,37.73478210114196,19.504103571531502,2,0,0,0,0.25335402177953553,243.31357561810867,0,2,3
2023-01-04 03:15:00,103,3.650564092671622,41.16458559923553,21.39508430492217,5,0,1,0,0.40013265013970367,399.0624741085111,0,2,3
2023-01-04 03:30:00,103,2.791435502486022,61.59349497294632,21.621539100138314,2,0,0,0,0.7489252553729582,409.0807146959227,0,2,3
2023-01-04 03:45:00,101,1.6640937154289497,38.56276701096198,24.067521343986748,5,0,0,0,0.5297745251596319,450.55416471884615,0,2,3
2023-01-04 04:00:00,103,3.2163216806595045,60.73534905802447,26.21289517581719,5,0,0,0,0.2790952807352227,289.635138129546,0,2,4
2023-01-04 04:15:00,102,1.666273241192989,51.06462441870899,25.103236205907745,2,0,0,0,0.7736412605422343,258.0511744073792,0,2,4
2023-01-04 04:30:00,101,1.8168376693887138,38.123180722761155,28.510967529717004,5,0,0,0,0.6145936877605004,109.64180078196172,0,2,4
2023-01-04 04:45:00,102,4.73219843629696,51.69383582654033,30.842438777834545,2,0,0,0,0.5085274883623594,106.8731411799065,0,2,4
2023-01-04 05:00:00,102,2.506152375963125,55.25279178378475,24.380211548140714,0,0,0,0,0.5004648686833696,451.94017932264995,0,2,5
2023-01-04 05:15:00,101,3.540629280861385,34.861453289863604,16.748236744348368,0,0,0,0,0.5946378524866438,332.77617055344115,0,2,5
2023-01-04 05:30:00,101,3.2899462256958976,55.82200523787678,32.79824545884277,0,0,0,0,0.8213236215252386,81.46018546830898,0,2,5
2023-01-04 05:45:00,101,2.0642433769634216,50.85232287764467,31.442793730368216,2,0,0,0,0.4193140016838578,207.40161476256225,0,2,5
2023-01-04 06:00:00,102,4.325410683253185,65.57449129357424,33.695439102554026,0,1,0,0,0.7615052070732402,195.85524278048976,0,2,6
2023-01-04 06:15:00,102,2.54494720736325,63.19539898142317,18.234718772508423,0,1,0,0,0.6533934407404389,438.951474194399,0,2,6
2023-01-04 06:30:00,103,4.714960797871148,60.56602156657577,36.73231524010393,2,0,0,0,0.5765892776547715,163.48909673235852,0,2,6
2023-01-04 06:45:00,103,1.2998603236339532,50.53142950598179,15.663805986761538,0,0,0,0,0.6114913617729277,390.2720805040179,0,2,6
2023-01-04 07:00:00,103,2.5608328322718563,50.43949164238769,27.00450764532563,5,0,0,0,0.7674542288077768,305.1629026297752,0,2,7
2023-01-04 07:15:00,101,1.7695681594994412,46.55331868886694,31.246824314377957,0,0,0,0,0.7683402120519867,58.46307834895301,0,2,7
2023-01-04 07:30:00,102,4.735215561932051,46.34109380151212,23.363893703467266,0,0,1,0,0.8149516627829181,321.0298937292579,0,2,7
2023-01-04 07:45:00,102,2.301117968797776,50.851356060331334,22.875698740917358,2,0,0,0,0.3895309957213017,255.6945859865577,0,2,7
2023-01-04 08:00:00,101,2.144870064785415,63.31904249522527,24.436867200910715,2,0,0,0,0.33461501115249337,164.9582316478659,0,2,8
2023-01-04 08:15:00,101,4.992316291054383,48.48909047087327,27.698794330436314,0,0,0,0,0.8918705274341541,306.9225486068115,0,2,8
2023-01-04 08:30:00,101,3.8249683538477073,73.0895865018039,16.842268544549302,0,0,0,0,0.5385188313192626,495.26007461009436,0,2,8
2023-01-04 08:45:00,103,3.695536022539321,30.046471286871338,16.59684218535635,0,0,0,0,0.3191654681274235,499.81363056030114,0,2,8
2023-01-04 09:00:00,103,1.2805916613189043,55.01739662834563,34.80314419133467,0,0,0,0,0.3531242195229745,119.96748661900658,0,2,9
2023-01-04 09:15:00,103,4.687955099954197,49.86061796376964,16.90429179599689,0,0,0,0,0.6630948176369249,210.26210484233485,0,2,9
2023-01-04 09:30:00,103,4.96830150598527,60.50607947372504,12.05908190653092,5,0,0,0,0.6189536102292392,164.9819858854596,0,2,9
2023-01-04 09:45:00,102,3.518925297598649,37.47310462554507,24.524220620141413,0,0,0,0,0.5600367997905371,149.16007352228175,0,2,9
2023-01-04 10:00:00,101,1.624271136619416,70.03073481012409,24.377217349720997,0,0,0,0,0.4176703316777715,463.34660347034156,0,2,10
2023-01-04 10:15:00,101,3.54765646651491,40.839234854737676,30.667254747793624,2,0,0,0,0.3029675603996421,144.0854820423246,0,2,10
2023-01-04 10:30:00,102,1.3526982427674255,47.62493956960918,23.391110473272914,5,0,0,0,0.8164940892587333,439.78273944296893,0,2,10
2023-01-04 10:45:00,101,4.302227657395582,57.35529780587768,22.106316541479313,5,0,0,0,0.47734159077651567,110.39731945159707,0,2,10
2023-01-04 11:00:00,103,4.371372927167476,37.207961003163305,20.24521765659769,0,0,0,0,0.8200639445175604,403.00413699935484,0,2,11
2023-01-04 11:15:00,103,3.1129354010804358,51.98250570841389,29.841179537230943,0,0,0,0,0.6630202139569028,99.87693810819968,0,2,11
2023-01-04 11:30:00,101,1.1813940185093528,28.870495045111888,20.193658132981266,0,1,0,0,0.33804481742378956,452.2353380766302,0,2,11
2023-01-04 11:45:00,103,1.6887470721470366,73.5119421262737,26.855188390719864,2,0,0,0,0.8892569450848713,393.3550327595045,0,2,11
2023-01-04 12:00:00,101,1.511714312351999,55.53766207554065,25.43573340100157,0,0,0,0,0.2833658816191856,225.27203700624668,0,2,12
2023-01-04 12:15:00,103,1.9030216825352864,58.65271493683928,26.082074896966827,5,0,0,0,0.20561772775458453,166.44145341846774,0,2,12
2023-01-04 12:30:00,103,3.7283655619497247,25.544755299618206,30.077522396188744,2,0,0,0,0.33443724768600697,59.24635595641077,0,2,12
2023-01-04 12:45:00,101,1.2103231233840432,53.56243556835199,18.938533503291193,2,0,0,0,0.5741932555359369,324.8790942602422,0,2,12
2023-01-04 13:00:00,101,3.423233169174707,45.22259435626221,13.657714675328116,0,0,0,0,0.7465430877110866,402.0374602894794,0,2,13
2023-01-04 13:15:00,103,4.554541094067754,42.3624960521795,28.782079416483118,2,1,0,0,0.5918762641729867,61.10814405465329,0,2,13
2023-01-04 13:30:00,103,2.9194337470015275,64.08197929872816,35.63023179283044,5,0,0,0,0.4124098368392829,444.08009059674123,0,2,13
2023-01-04 13:45:00,102,4.9343993305900735,43.32445065700767,28.338458292313454,5,0,0,0,0.807054972213288,278.22144861091965,0,2,13
2023-01-04 14:00:00,101,2.221621766222528,49.796137206516775,23.937011522274624,0,0,0,0,0.5599351813265324,106.14564284085536,0,2,14
2023-01-04 14:15:00,102,1.5675473921419356,41.8358922840332,17.006921847255203,0,0,0,0,0.7952623102025533,458.68189809725135,0,2,14
2023-01-04 14:30:00,101,3.747694201944576,34.74529681844783,23.950187688159495,0,0,0,0,0.7956895185269941,241.88852184286418,0,2,14
2023-01-04 14:45:00,103,2.592324851502023,34.598977858713,32.01417688750745,5,0,0,0,0.8766393673337891,239.12107145392784,0,2,14
2023-01-04 15:00:00,102,1.117258389718526,44.68581578937013,26.055501458503116,2,0,0,0,0.22835616531278147,191.79753862727637,0,2,15
2023-01-04 15:15:00,101,1.073893124897419,52.28610980957679,25.22133453197775,2,0,0,0,0.40567384585806254,426.6164437211555,0,2,15
2023-01-04 15:30:00,103,3.1394768076284563,44.94264541804667,24.433420180480354,0,0,0,0,0.46670031566324777,351.38224404885057,0,2,15
2023-01-04 15:45:00,101,4.738397749893147,57.76429986507548,29.352069156501123,0,0,0,0,0.23854834074880377,163.12969208958367,0,2,15
2023-01-04 16:00:00,101,1.464975508154187,50.29113632104082,21.750950705245767,5,0,0,0,0.41143077126636657,431.8137210271431,0,2,16
2023-01-04 16:15:00,103,3.7415952671293504,54.49785700671591,25.444284687086373,0,0,0,0,0.8682599842229541,292.88628405243196,0,2,16
2023-01-04 16:30:00,101,3.3502991170991536,56.95485071230675,19.685513282533464,0,1,0,0,0.7542688582396497,319.33110022165386,0,2,16
2023-01-04 16:45:00,102,3.9555205571110092,34.61943280451288,22.258262224789537,0,0,0,0,0.24370588145321742,314.64539099380335,0,2,16
2023-01-04 17:00:00,101,1.4342421008171233,54.62741596731211,20.89243585437435,2,0,0,0,0.7234303641228101,90.37877623193896,0,2,17
2023-01-04 17:15:00,103,4.4403889841751365,45.41669289598642,29.791263377611227,0,0,0,0,0.7188990880308175,205.3182080454447,0,2,17
2023-01-04 17:30:00,103,4.73459288768073,41.73465550653464,20.2746656500047,0,1,0,0,0.5769422440138926,270.8306222757384,0,2,17
2023-01-04 17:45:00,101,3.513971017399471,62.59036281204295,17.887713412500368,0,0,0,0,0.6306160163083847,364.09269877482564,0,2,17
2023-01-04 18:00:00,103,4.740595848869837,63.271367658995004,25.632245764034625,0,0,0,0,0.2968551815723595,186.88261998799337,0,2,18
2023-01-04 18:15:00,101,3.42820995963756,59.94923487770627,32.30940260044932,0,0,0,0,0.31546096121146894,147.5806691630642,0,2,18
2023-01-04 18:30:00,102,3.6667566702136143,51.9863433737895,24.93893052991279,0,0,0,0,0.5511827466291034,154.02178183424095,0,2,18
2023-01-04 18:45:00,102,3.6784389205652297,58.59822593066396,30.50036925532545,5,0,0,0,0.8808355928741849,304.16663769715444,0,2,18
2023-01-04 19:00:00,102,2.922370931952468,59.81509704507797,21.665754060723607,0,0,0,0,0.6857736202852691,365.02694515251994,0,2,19
2023-01-04 19:15:00,101,1.7730092615279105,49.86417593277211,22.82057863983375,0,0,0,0,0.42482220057157316,411.6769718995957,0,2,19
2023-01-04 19:30:00,102,3.4598869383926583,68.83711690829543,26.406200907261834,0,0,0,0,0.5510182149181234,183.10268866103863,0,2,19
2023-01-04 19:45:00,103,4.838175202533716,41.674626246805005,31.53070917173851,5,0,0,0,0.7749234361235497,89.88745907253725,0,2,19
2023-01-04 20:00:00,101,2.8592121847389635,48.0881429523033,27.94001035815545,0,0,0,0,0.5335435562942948,328.5368475437735,0,2,20
2023-01-04 20:15:00,102,2.1908007790178146,68.19981916545945,32.10912251888182,5,0,0,0,0.6011981958341552,130.69086869188416,0,2,20
2023-01-04 20:30:00,103,4.646647354150309,39.85814188243697,26.33716435345959,5,0,0,0,0.5666566015890244,353.0955851878629,0,2,20
2023-01-04 20:45:00,103,2.2238787873619845,64.99925972076409,27.01114203865153,0,0,0,0,0.7735247951083928,135.8381544056611,0,2,20
2023-01-04 21:00:00,102,3.445434595685721,42.272829047483356,27.884291431401305,5,0,0,0,0.8012572666984847,356.6342162643507,0,2,21
2023-01-04 21:15:00,101,1.7268391352383112,62.371209647130875,28.715816156002035,2,0,0,0,0.5394660529418314,185.44215230907832,0,2,21
2023-01-04 21:30:00,101,3.477254699172915,53.39578677966776,14.64025468298736,0,0,0,0,0.6489435734994892,427.0733213696496,0,2,21
2023-01-04 21:45:00,103,3.821920128455218,43.19914098789576,25.950340852640306,5,0,0,0,0.3864943481576533,461.013954325787,0,2,21
2023-01-04 22:00:00,101,2.255496755193574,52.237815767982426,17.267146233099737,2,0,0,0,0.8304519983416787,122.02970890490313,0,2,22
2023-01-04 22:15:00,101,3.3183042037961163,53.378828151798054,28.281286856783186,5,0,0,0,0.6221008276470834,133.46979700339426,0,2,22
2023-01-04 22:30:00,103,1.7670954043229177,49.43842029286458,23.773588172677066,0,0,0,0,0.6591552870064887,108.06125530869116,0,2,22
2023-01-04 22:45:00,102,4.746708616726311,74.33041365240902,32.032941875525964,0,0,0,0,0.761895842525443,487.4177525356987,0,2,22
2023-01-04 23:00:00,102,2.7044128759685964,40.37480537509558,24.21735781370553,2,0,0,0,0.40975348709828535,293.26781539172566,0,2,23
2023-01-04 23:15:00,101,3.4515976584976924,24.938858342228354,20.842192896105363,0,0,0,0,0.6164524322979986,477.90551314645404,0,2,23
2023-01-04 23:30:00,103,2.6712439311109284,47.43929962025455,21.26120371324043,5,0,0,0,0.332213122466613,179.62289866021945,0,2,23
2023-01-04 23:45:00,103,4.522061276474525,54.50230769447611,14.238839751519816,5,0,0,0,0.6195065505238553,364.87185863430284,0,2,23
2023-01-05 00:00:00,101,1.1689945807607809,28.19299264259786,24.572105977917488,0,0,0,0,0.828755601401336,184.16394250638268,0,3,0
2023-01-05 00:15:00,103,4.93017870748984,54.69048410136319,21.701125406010494,0,0,0,0,0.2688075989689984,232.10371923814708,0,3,0
2023-01-05 00:30:00,101,3.4611214090523004,50.61643201118701,29.479156352573227,0,1,0,0,0.5235790171436344,120.05907129563333,0,3,0
2023-01-05 00:45:00,103,3.6343068649714283,42.24002745556618,32.595154675372925,0,1,0,0,0.4695331031527262,439.47937713149685,0,3,0
2023-01-05 01:00:00,101,4.0404710835507025,40.3672719340036,25.2927703238232,5,0,0,0,0.38145465823533325,474.14685283272576,0,3,1
2023-01-05 01:15:00,101,3.302083337673301,50.95672086243845,27.33773034616723,0,0,0,0,0.6187912180132576,359.83141361485536,0,3,1
2023-01-05 01:30:00,103,3.6825385272094735,57.43591744247204,22.661524135470078,0,0,0,0,0.8364529196619224,422.2765584486374,0,3,1
2023-01-05 01:45:00,102,3.747757241328815,39.21846741407256,24.7449622759241,2,0,0,0,0.329732023416086,231.3721899830049,0,3,1
2023-01-05 02:00:00,103,4.471687870500645,61.95361045476675,24.201882235542215,2,0,0,0,0.5976119739697896,62.34222758418062,0,3,2
2023-01-05 02:15:00,103,2.3226066089170545,52.913813663449616,23.275621800416438,5,0,0,0,0.20489686395698725,80.83730108158,0,3,2
2023-01-05 02:30:00,103,2.792066024397528,42.43359423328265,23.258178788626182,0,0,0,0,0.8044125466664607,113.24985464613985,0,3,2
2023-01-05 02:45:00,103,4.116875151466706,40.4160231042633,21.272967087245224,5,0,0,0,0.20780805428258642,191.1297726112961,0,3,2
2023-01-05 03:00:00,101,2.712886482233219,56.9767523837091,21.19974111117971,0,0,0,0,0.8807801683576724,477.07490256526177,0,3,3
2023-01-05 03:15:00,102,1.4805472697213529,68.95839070519665,26.821362583565634,0,0,0,0,0.7751651777526496,228.7555792886652,0,3,3
2023-01-05 03:30:00,103,2.533196213564576,45.130831284177034,32.80588745070254,5,0,0,0,0.5375067451108867,367.47368982285,0,3,3
2023-01-05 03:45:00,101,3.8855570591780735,55.02479013689772,27.27229038443141,0,1,0,0,0.8564722571982799,372.96511623951915,0,3,3
2023-01-05 04:00:00,101,2.7364720096491926,58.42343778384411,22.686069634107277,5,0,0,0,0.2517986561847112,377.4733098660136,0,3,4
2023-01-05 04:15:00,102,2.8248449318691473,54.89622674014334,27.220852905727643,0,0,0,0,0.5934143276414072,305.05054312342196,0,3,4
2023-01-05 04:30:00,102,4.657993990852045,65.8381973331778,31.721523850979864,5,0,0,0,0.21132923354027922,417.964534680231,0,3,4
2023-01-05 04:45:00,103,2.34199446378213,64.37451066298021,22.19274777677031,0,0,0,0,0.2106556438014231,260.14657691123637,0,3,4
2023-01-05 05:00:00,102,3.279234539564043,53.05059985782402,24.355848288889895,0,0,0,0,0.35403518086354335,370.9602733972446,0,3,5
2023-01-05 05:15:00,101,2.701574217870316,42.58063667428962,18.60472818550657,5,1,0,0,0.8329131415635931,345.39872107373304,0,3,5
2023-01-05 05:30:00,101,4.283145834392827,46.57125365037717,25.110001385326306,0,0,0,0,0.5155062469482206,173.41838153359487,0,3,5
2023-01-05 05:45:00,102,3.7051272704696396,42.683808114357824,33.90999594864586,2,0,0,0,0.7502952345632561,189.19726392120617,0,3,5
2023-01-05 06:00:00,101,4.923965044232045,42.583688570755555,33.901771249188954,2,0,0,0,0.27678696121912294,102.22008224106634,0,3,6
2023-01-05 06:15:00,102,2.20706511103071,44.083369467379875,22.96368349633659,5,0,0,0,0.2777937669616065,495.8314348095241,0,3,6
2023-01-05 06:30:00,102,4.540729183229065,41.77571899911537,31.421351981012002,2,0,0,0,0.47927830811115346,430.8083626440053,0,3,6
2023-01-05 06:45:00,102,3.8607877430241038,65.37427242492858,28.09146277115371,2,0,0,0,0.45095760057919254,130.4840581812103,0,3,6
2023-01-05 07:00:00,102,4.418453587196619,44.878514659744695,24.83026914643185,5,0,0,0,0.39692082163240405,360.2189184527903,0,3,7
2023-01-05 07:15:00,101,1.106459315849675,54.21922568276715,28.179560073220173,0,0,0,0,0.4933901808283586,102.83416893184398,0,3,7
2023-01-05 07:30:00,102,1.0820529220053126,39.45462652104439,28.522105010459907,2,0,1,0,0.3028999217929159,334.53033128686627,0,3,7
2023-01-05 07:45:00,103,1.416671847336822,55.16300292029181,5.3885597659831,5,0,0,0,0.8715129639649961,158.6892504806131,1,3,7
2023-01-05 08:00:00,101,4.7375234552019885,68.00386532472015,26.756982217042975,5,0,0,0,0.3885954968235898,441.0340003739149,0,3,8
2023-01-05 08:15:00,101,4.02407779879887,55.954050417640076,30.64490395192007,0,0,1,0,0.7455611423361721,152.13726437577267,0,3,8
2023-01-05 08:30:00,103,3.0185451165110457,57.2185179698171,28.93608444316847,2,0,0,0,0.8672339167808492,351.1843506499116,0,3,8
2023-01-05 08:45:00,101,4.391164366119531,51.87207062675016,22.747106101374513,0,0,0,0,0.8782153648536395,397.168857399738,0,3,8
2023-01-05 09:00:00,102,3.6882610040300996,36.56013025430337,22.293697186668346,0,0,0,0,0.3915938440814334,433.5175408031746,0,3,9
2023-01-05 09:15:00,103,2.167155923558327,49.19458584740009,30.02761925923547,0,0,0,0,0.5815920023976605,377.82341054785275,0,3,9
2023-01-05 09:30:00,102,3.2437979830055412,45.851531452652694,18.71140558438504,5,0,0,0,0.3011647579204122,297.29408210272015,0,3,9
2023-01-05 09:45:00,102,2.2403277388823937,55.87132632499981,18.584204831871048,0,1,0,0,0.5670723799059141,57.50649596321431,0,3,9
2023-01-05 10:00:00,103,4.7201336260494,55.95501147211904,26.902645991891823,5,0,0,0,0.232038616790982,123.15325141280485,0,3,10
2023-01-05 10:15:00,102,1.3914257506358343,49.7188028039166,21.630344856075624,0,0,0,0,0.7106966798472698,224.01704070971817,1,3,10
2023-01-05 10:30:00,102,1.1326302130679649,50.432874680919305,25.966780187636864,0,0,0,0,0.2857419316280496,138.24044403551517,0,3,10
2023-01-05 10:45:00,101,4.631814287483894,39.38383522959856,30.28344595628221,0,0,0,0,0.7765649701668165,334.23015018777454,0,3,10
2023-01-05 11:00:00,101,4.679180222011091,49.86305866926086,25.979209977393307,2,0,0,0,0.8622846862236391,141.08812770196283,1,3,11
2023-01-05 11:15:00,101,2.921760112570909,48.640291620782484,24.068955341093645,0,0,1,0,0.3589713673360979,280.3478164368657,0,3,11
2023-01-05 11:30:00,101,4.472195149911956,42.395464899319634,21.974474911045455,5,0,0,0,0.7818821676207597,310.22790012545875,0,3,11
2023-01-05 11:45:00,103,4.541005618299538,44.0724230665066,20.21502526672939,2,0,0,0,0.8203034864053762,486.16119261944755,0,3,11
2023-01-05 12:00:00,102,4.929541518381621,40.70973236041333,27.40572971176787,0,0,0,0,0.8448813213697348,114.61166013169567,0,3,12
2023-01-05 12:15:00,101,4.753159762828027,58.09558254188162,32.77612276946042,2,0,0,0,0.22909987085691216,176.51180536726804,0,3,12
2023-01-05 12:30:00,101,4.021919750967914,60.75228649654322,20.692075975194,5,0,0,0,0.4543547281271833,50.297015827793174,0,3,12
2023-01-05 12:45:00,103,3.8204517275133125,39.73852150197239,36.446429585071876,0,0,0,0,0.6829074258515031,65.4450649993703,0,3,12
2023-01-05 13:00:00,101,1.893632358000159,42.03919389394224,21.57703383055288,2,1,0,0,0.5471435922602842,395.48939790712217,0,3,13
2023-01-05 13:15:00,103,1.9128171434168268,45.87120232937201,22.10699487013892,0,0,0,0,0.43579643896420295,413.92904085399016,0,3,13
2023-01-05 13:30:00,102,3.9198094787352504,26.58699855598215,24.673217297229787,2,0,0,0,0.5277239468529581,165.5964525303538,0,3,13
2023-01-05 13:45:00,101,4.6777108515617645,61.46539957028638,21.36028011061962,0,0,0,0,0.8013951976306981,132.03230771633665,0,3,13
2023-01-05 14:00:00,101,2.12084530912595,58.27625836971181,26.724455560376896,0,0,0,0,0.7730895119614358,96.26028675346582,0,3,14
2023-01-05 14:15:00,103,3.663147066840988,40.55811501803184,21.53172953358577,0,0,0,0,0.4295586232613827,161.03184037990704,0,3,14
2023-01-05 14:30:00,103,4.3523690432962105,37.22936700047501,24.42295604183646,0,0,0,0,0.2681169454017408,473.4859301370341,0,3,14
2023-01-05 14:45:00,102,3.7130083124349924,48.664205875781384,28.782302246659704,0,1,0,0,0.39149484097154363,126.54539825339113,0,3,14
2023-01-05 15:00:00,103,1.854570105848686,69.62953943060894,25.733338847856665,0,0,0,0,0.2278676602295579,372.3361231516686,1,3,15
2023-01-05 15:15:00,102,3.6726697029015574,57.78369374954219,33.608539944685226,0,0,0,0,0.6533869710983565,474.9361822523279,0,3,15
2023-01-05 15:30:00,101,2.821961130888152,33.19493729069575,19.33993446905839,0,0,0,0,0.7610286912372966,204.54204183668725,0,3,15
2023-01-05 15:45:00,102,3.8574790318451675,43.61488400739198,27.98509056402213,0,0,0,0,0.24014423556109288,290.3293562443803,0,3,15
2023-01-05 16:00:00,102,4.975864191677723,35.19721987009254,23.714144539954685,0,0,0,0,0.6523265696071514,486.85266552722834,0,3,16
2023-01-05 16:15:00,101,1.0382671817879978,49.025439939082155,21.421349879561316,2,0,0,0,0.7643300134107873,326.8774152621889,0,3,16
2023-01-05 16:30:00,101,2.5680794327826084,43.822351421004335,23.007067842441113,2,0,0,0,0.8452929057909209,379.35397827960264,0,3,16
2023-01-05 16:45:00,102,3.619279267080014,44.68200642780315,23.84442348582594,0,0,0,0,0.48721103814739036,229.9143724159239,0,3,16
2023-01-05 17:00:00,101,2.78441985381991,49.438964440862655,33.95189775049163,2,1,0,0,0.5173521895822373,402.3357585327329,0,3,17
2023-01-05 17:15:00,101,2.3334266941126924,50.44452880582923,20.366331357331504,2,0,0,0,0.8359284691006912,213.53243422740283,0,3,17
2023-01-05 17:30:00,103,4.230471932513211,60.480765586465935,22.55950941585011,0,1,0,0,0.28485900125817354,236.22227426891908,0,3,17
2023-01-05 17:45:00,101,3.1477858435083874,40.86860592851199,34.36228453918467,0,0,0,0,0.7760378386669191,361.0776657157713,0,3,17
2023-01-05 18:00:00,103,3.694166479563816,48.7550217390038,14.675956272954249,5,0,0,0,0.425908123838028,365.7964048440416,0,3,18
2023-01-05 18:15:00,103,4.065885918467977,50.23827958531795,23.533287749446803,0,0,0,0,0.24616729926057762,415.1417221676188,0,3,18
2023-01-05 18:30:00,103,4.468798142781369,27.421065502997543,25.67642561270289,2,0,0,0,0.8151620932305466,443.60460383636985,0,3,18
2023-01-05 18:45:00,103,4.5743556174144775,43.15351256159806,27.95018738186106,0,0,0,0,0.35541665283716595,314.9618062956901,0,3,18
2023-01-05 19:00:00,102,4.426864046572081,49.988881897605836,24.601410214093672,0,0,0,0,0.380552310678917,165.72985924584503,0,3,19
2023-01-05 19:15:00,103,1.1727743380452833,64.17393456290978,24.599602273174636,5,1,0,0,0.7657960176280338,180.0787529755708,0,3,19
2023-01-05 19:30:00,101,3.8879488970961056,36.0389534257243,28.44557373740507,0,0,0,0,0.5527552372468265,110.93552446710092,0,3,19
2023-01-05 19:45:00,103,1.7371687678460934,49.81302381585545,27.016651694656662,2,0,0,0,0.8453780854374993,484.222012494139,0,3,19
2023-01-05 20:00:00,103,1.4438146841247224,50.42997314186807,21.954462203699205,0,0,0,0,0.29278984004340214,434.856332278465,0,3,20
2023-01-05 20:15:00,101,4.259202106309015,45.227610757301036,28.356464412468046,2,0,0,0,0.2119916095280937,77.88246822568404,0,3,20
2023-01-05 20:30:00,103,4.731142172810506,46.9650975663691,26.85102824317277,0,0,0,0,0.7286368201473981,64.53550040683037,0,3,20
2023-01-05 20:45:00,103,4.561323600417943,61.34311258176359,24.93877168388821,0,0,0,0,0.7379358983043949,384.6604970105432,0,3,20
2023-01-05 21:00:00,102,3.688463799569644,42.05892178432172,23.809200691051526,0,0,0,0,0.282897953911855,376.9721438886396,0,3,21
2023-01-05 21:15:00,101,4.822332099701926,55.81841661194633,31.825286141550425,0,0,0,0,0.3926033350571644,139.08354318367554,0,3,21
2023-01-05 21:30:00,102,2.8419998610028854,71.38214541827274,25.29438816120786,0,1,0,0,0.5492458592343112,113.94685573449968,0,3,21
2023-01-05 21:45:00,103,1.7265236134661714,42.8343965377752,28.291528673221116,5,0,0,0,0.47297505212234797,342.17457774363555,0,3,21
2023-01-05 22:00:00,103,1.3573339968447642,34.254663208505654,29.446162692559323,5,0,0,0,0.3611408130427177,239.0278235614665,0,3,22
2023-01-05 22:15:00,103,4.013375477243508,43.64277945393843,24.22913274605937,0,0,0,0,0.3986415606900565,226.12218364596848,0,3,22
2023-01-05 22:30:00,101,2.2322394889857025,42.152806094288884,30.90957239558879,0,0,0,0,0.4576726444552842,416.5139814748225,0,3,22
2023-01-05 22:45:00,102,4.6368174241478854,34.909470450195,21.237042879282505,5,0,0,0,0.43132961006780324,130.09630270038144,0,3,22
2023-01-05 23:00:00,103,1.3059070000149053,50.40428530227551,29.850196995592285,5,0,0,0,0.2813374197719962,165.72246455439944,0,3,23
2023-01-05 23:15:00,101,3.6579284108455585,58.20231946800618,28.310737427205847,5,0,0,0,0.5034233963844856,61.47034139806732,0,3,23
2023-01-05 23:30:00,103,2.6447833650680854,61.21656271018212,21.000062871294276,2,0,0,0,0.7176012625785317,144.8908942393466,0,3,23
2023-01-05 23:45:00,101,3.019381833260136,64.6662281286742,19.02784580590427,5,0,0,0,0.2330359516697456,436.3464224973317,0,3,23
2023-01-06 00:00:00,103,4.557202400666052,61.524219968093135,35.01785504351902,5,0,1,0,0.79886496057554,426.949222501118,0,4,0
2023-01-06 00:15:00,101,2.9948682529701056,65.37863432543317,20.482326077525705,0,0,0,0,0.6915616139025753,343.51551478058957,0,4,0
2023-01-06 00:30:00,103,2.043892673596231,55.83515223740148,26.949407660981915,0,0,0,0,0.4444833682149474,260.6475087173267,0,4,0
2023-01-06 00:45:00,102,1.781634479542444,48.79975433579864,23.35550324631289,2,0,0,0,0.6184025368004017,300.58006296483757,0,4,0
2023-01-06 01:00:00,101,4.0379609550925295,72.71864688289358,28.617861557272878,0,0,0,0,0.30953167950052135,440.9344274642606,0,4,1
2023-01-06 01:15:00,102,1.8104971734164157,44.99949244715319,22.547287387820486,0,1,0,0,0.7069753080862995,256.6174604702743,0,4,1
2023-01-06 01:30:00,103,3.2137233519850374,58.60054293947171,20.539191900223894,0,0,0,0,0.4127869272264701,371.2379320752286,0,4,1
2023-01-06 01:45:00,102,1.4749456448300977,21.079180220888325,24.847755661331824,0,0,0,0,0.4494692013208783,409.94112123184186,0,4,1
2023-01-06 02:00:00,101,4.907756789939722,59.13889257012379,24.02822698400902,2,0,0,0,0.7375861985954482,186.90039199059277,0,4,2
2023-01-06 02:15:00,103,3.684706088986444,55.91822217290293,26.92747391708853,2,0,0,0,0.7451398063507562,269.42782259873263,0,4,2
2023-01-06 02:30:00,103,1.1797457581006583,44.80384731517855,36.58765742107806,0,0,0,0,0.48835825783442477,76.79690516550019,0,4,2
2023-01-06 02:45:00,102,3.514282570788395,31.281171490258902,29.80233735283105,2,0,0,0,0.2337229966564981,157.32297876985297,0,4,2
2023-01-06 03:00:00,103,3.2213625152680363,39.946048257913446,23.327765451674082,2,0,0,0,0.5345706039041944,71.25857927587789,0,4,3
2023-01-06 03:15:00,103,1.0662269527938766,65.47199021658926,20.48930372003545,2,0,0,0,0.7424534639568978,272.028584582735,0,4,3
2023-01-06 03:30:00,101,1.324088152208026,59.42552385893886,21.710731831363535,5,0,0,0,0.566064123659326,225.02325035907094,0,4,3
2023-01-06 03:45:00,102,4.817633282198979,23.69217068293561,20.524654745058204,2,1,1,0,0.8768431578595042,346.9324722200572,1,4,3
2023-01-06 04:00:00,101,2.387510884844818,69.1943065544488,29.46353863822733,0,0,0,0,0.7174314024696125,164.38162103649665,0,4,4
2023-01-06 04:15:00,103,4.215987645330709,34.299594281403515,27.579220108649118,2,0,0,0,0.6161862817587721,437.0432728219686,0,4,4
2023-01-06 04:30:00,102,4.213740981818516,40.12751652206212,23.254257534242022,5,0,0,0,0.44276871728775247,53.52822218994582,0,4,4
2023-01-06 04:45:00,103,4.213794869570432,47.07115126259779,27.982312571854713,0,0,0,0,0.8946352857144306,141.38060297604477,0,4,4
